NEIGHBOURHOOD_158,Robbery - Business,Robbery - Mugging,Robbery - Other,Robbery - Purse Snatch,Robbery - Swarming,Robbery With Weapon,Total
Annex (95),99,120,88,21,33,75,436
Church-Wellesley (167),91,142,120,21,4,94,472
West Hill (136),63,167,140,18,35,84,507
Mount Olive-Silverstone-Jamestown (2),49,167,152,10,36,145,559
Kensington-Chinatown (78),90,178,133,37,26,108,572
York University Heights (27),86,176,80,13,92,155,602
Yonge-Bay Corridor (170),109,161,153,19,41,125,608
West Humber-Clairville (1),184,138,119,24,35,166,666
Downtown Yonge East (168),156,335,203,44,66,179,983
Moss Park (73),68,464,315,40,29,187,1103
