OFFENCE,Apartment,Commercial,Educational,House,Other,Outside,Transit
Robbery - Armoured Car,6,14,2,0,1,17,4
Robbery - Atm,1,101,1,0,0,24,1
Robbery - Business,19,4426,0,3,517,67,29
Robbery - Delivery Person,91,19,2,15,9,191,0
Robbery - Financial Institute,3,945,1,1,1,7,0
Robbery - Home Invasion,582,30,0,456,9,4,0
Robbery - Mugging,586,766,308,119,162,6254,411
Robbery - Other,834,1008,207,180,189,3285,317
Robbery - Purse Snatch,60,100,7,21,16,897,77
Robbery - Swarming,104,242,143,23,38,1657,121
Robbery - Taxi,3,17,4,1,4,229,4
Robbery - Vehicle Jacking,35,137,10,134,16,1165,2
Robbery To Steal Firearm,1,0,0,0,0,1,0
Robbery With Weapon,579,1643,157,148,218,3446,177
